Wall time,Step,Value
1693316604.8135846,5000,0.8060722947120667
1693316829.623587,10000,0.799522340297699
1693317049.7027373,15000,0.8100914359092712
1693317273.3410428,20000,0.8089637160301208
1693317501.0567153,25000,0.7968440055847168
1693317726.672854,30000,0.7843098044395447
1693317943.0889344,35000,0.7903392910957336
1693318179.5527937,40000,0.7964844703674316
1693318396.6481736,45000,0.7986416220664978
1693318607.5888891,50000,0.8011248707771301
1693318825.6107876,55000,0.8100934624671936
1693319047.6197245,60000,0.8111630082130432
